letter,frequency
e,0.12702
t,0.09056
a,0.08167
